feature,importance
TotalEvents,0.5928567425362564
NumPairs,0.23535587158783156
TopPairEvents,0.14941407917288815
HotPairOver25k,0.020414068688875776
DistinctComputers,0.0019592380141479643
